mut_pos,mut_aa,delta_pkd_true,delta_pkd_pred,n,wt_aa,cdr_region
25,A,-0.7419437602296542,-0.7645650276770959,13,G,CDR-H1
25,C,-0.7353482323579292,-0.7236733436584473,14,G,CDR-H1
25,D,-0.7824830778538913,-0.686516588384455,22,G,CDR-H1
25,E,-0.8080669371630788,-0.7314075061253139,14,G,CDR-H1
25,F,-0.7635371168742516,-0.7950582504272461,10,G,CDR-H1
25,H,-0.8371127209657893,-0.7480250040690104,15,G,CDR-H1
25,I,-0.9040770972453444,-0.8150225745307075,9,G,CDR-H1
25,K,-0.8626126753808054,-0.7203673521677653,24,G,CDR-H1
25,L,-0.7812489956490676,-0.8109995235096324,11,G,CDR-H1
25,M,-0.8179034081100356,-0.8023467063903809,10,G,CDR-H1
25,N,-0.8800244016568324,-0.7564011742086971,17,G,CDR-H1
25,P,-0.8198768720619038,-0.7925351949838492,13,G,CDR-H1
25,Q,-0.8735154406639035,-0.7448347727457683,15,G,CDR-H1
25,R,-0.8264589786667379,-0.7493025172840465,11,G,CDR-H1
25,S,-0.7725141372163531,-0.7936600905198318,13,G,CDR-H1
25,T,-0.9188106534876638,-0.8151224681309291,7,G,CDR-H1
25,V,-0.8493759739168578,-0.8171918988227844,16,G,CDR-H1
25,W,-0.9783575649188752,-0.7713774045308431,6,G,CDR-H1
25,Y,-0.7427457894554313,-0.7475077629089355,10,G,CDR-H1
26,A,-0.9199540963216554,-0.7963478724161784,15,F,CDR-H1
26,C,-0.8021506037147881,-0.8175908194647895,9,F,CDR-H1
26,D,-0.776083862351465,-0.8031331380208333,15,F,CDR-H1
26,E,-0.8973069325565439,-0.7959132561316857,13,F,CDR-H1
26,G,-0.5603302355716573,-0.7562757379868451,17,F,CDR-H1
26,H,-0.8355802129785334,-0.7274755331186148,13,F,CDR-H1
26,I,-0.8872374271132155,-0.792321710025563,17,F,CDR-H1
26,K,-0.8136280933762308,-0.7367607752482096,9,F,CDR-H1
26,L,-0.8280625663650031,-0.7544227176242404,18,F,CDR-H1
26,M,-0.8539816099217672,-0.7116679141395971,19,F,CDR-H1
26,N,-0.7876538267527622,-0.7909621325406161,11,F,CDR-H1
26,P,-0.8535536402287559,-0.8178857564926147,16,F,CDR-H1
26,Q,-0.8575268277286567,-0.807996908823649,12,F,CDR-H1
26,R,-0.8329297738643769,-0.8069214139665876,14,F,CDR-H1
26,S,-0.8364408904501139,-0.7952624320983886,10,F,CDR-H1
26,T,-0.727825088584896,-0.7918175458908081,8,F,CDR-H1
26,V,-0.6622053855492616,-0.6966892589222301,22,F,CDR-H1
26,W,-0.8059409501170189,-0.7563813527425131,12,F,CDR-H1
26,Y,-0.6819278517912943,-0.6510902204011616,19,F,CDR-H1
27,A,-0.5808911798283256,-0.3364545822143555,20,T,CDR-H1
27,C,-0.6655481773649691,-0.7324795722961426,22,T,CDR-H1
27,D,-0.6814004926630699,-0.5537601753517434,27,T,CDR-H1
27,E,-0.5918199926959344,-0.4250144958496094,27,T,CDR-H1
27,F,-0.6943004508125126,-0.5472727744810043,31,T,CDR-H1
27,G,-0.8134752444392489,-0.4035322666168213,12,T,CDR-H1
27,H,-0.5112405454906721,-0.47486755765717603,29,T,CDR-H1
27,I,-0.7487523923461034,-0.5549508503505162,28,T,CDR-H1
27,K,-0.5829777323130477,-0.47009410356220444,38,T,CDR-H1
27,L,-0.7638951924381796,-0.6485118036684783,23,T,CDR-H1
27,M,-0.654418701626996,-0.4068799172678301,31,T,CDR-H1
27,N,-0.6441498093603467,-0.4913634386929599,22,T,CDR-H1
27,P,-0.8059497322652519,-0.6807497569492885,14,T,CDR-H1
27,Q,-0.46410397083073485,-0.2460201382637024,32,T,CDR-H1
27,R,-0.7542594791496825,-0.5951983353187298,29,T,CDR-H1
27,S,-0.7951907388423594,-0.5412332671029227,28,T,CDR-H1
27,V,-0.6090313525874295,-0.4936323899489183,26,T,CDR-H1
27,W,-0.6270157215762118,-0.5520814398060674,23,T,CDR-H1
27,Y,-0.635935725266073,-0.5424396266107974,23,T,CDR-H1
28,A,-0.7702874390795661,-0.7811516353062221,7,F,CDR-H1
28,C,-0.8221451287324806,-0.7877689202626547,12,F,CDR-H1
28,D,-0.8489503091334364,-0.7018473943074545,12,F,CDR-H1
28,E,-0.9422720928595378,-0.7361652374267578,5,F,CDR-H1
28,G,-0.6149065127542184,-0.8092964172363282,5,F,CDR-H1
28,H,-0.8288878442948753,-0.7463021558873794,17,F,CDR-H1
28,I,-0.5937252940015866,-0.6769335788229237,23,F,CDR-H1
28,K,-0.8174760603711326,-0.7523652911186218,16,F,CDR-H1
28,L,-0.7899333344210812,-0.584902469928448,13,F,CDR-H1
28,M,-0.6835844343110866,-0.6271661244905912,26,F,CDR-H1
28,N,-0.8529462428119802,-0.7355556488037109,3,F,CDR-H1
28,P,-0.823520720385571,-0.7130517959594727,14,F,CDR-H1
28,Q,-0.9570962550740332,-0.6764763423374721,7,F,CDR-H1
28,R,-0.7679760836605003,-0.8044987784491645,9,F,CDR-H1
28,S,-0.9133778961312364,-0.8110695679982504,12,F,CDR-H1
28,T,-0.6632766532599872,-0.7514804431370327,14,F,CDR-H1
28,V,-0.8902068049333395,-0.682240613301595,15,F,CDR-H1
28,W,-0.892170222412435,-0.7244174957275391,10,F,CDR-H1
28,Y,-0.7912435700146386,-0.6289973258972168,16,F,CDR-H1
29,A,-0.540006814430398,-0.37820297876993814,30,D,CDR-H1
29,C,-0.7446671637406551,-0.5750835736592611,24,D,CDR-H1
29,E,-0.5164629651680773,-0.3397203063964844,25,D,CDR-H1
29,F,-0.7641906621860401,-0.5985058494236158,23,D,CDR-H1
29,G,-0.5555747403410182,-0.36444102696010044,35,D,CDR-H1
29,H,-0.5933120217625835,-0.5086638787213493,34,D,CDR-H1
29,I,-0.6597463101811746,-0.48874680201212567,12,D,CDR-H1
29,K,-0.5942523889489144,-0.40489031817461996,37,D,CDR-H1
29,L,-0.7954136467532161,-0.5591176880730523,18,D,CDR-H1
29,M,-0.6313971474691408,-0.4015092116135817,26,D,CDR-H1
29,N,-0.6497345091323659,-0.4475595792134603,30,D,CDR-H1
29,P,-0.5492486703677522,-0.4294627734592983,28,D,CDR-H1
29,Q,-0.5347619288786727,-0.30258692012113686,34,D,CDR-H1
29,R,-0.515002764471358,-0.34625747876289564,39,D,CDR-H1
29,S,-0.5905659450360111,-0.4599861076899937,28,D,CDR-H1
29,T,-0.7181818335743352,-0.5272638581015847,22,D,CDR-H1
29,V,-0.6858076299162522,-0.5020187602323645,17,D,CDR-H1
29,W,-0.7405003638817397,-0.6376711174293801,27,D,CDR-H1
29,Y,-0.6530455264001822,-0.5554555257161459,27,D,CDR-H1
30,A,-0.4911742889929301,-0.3143799551602068,29,F,CDR-H1
30,C,-0.6127508528665789,-0.442289400100708,20,F,CDR-H1
30,D,-0.7179280716200684,-0.5832161520825656,3864,F,CDR-H1
30,E,-0.5937561955145801,-0.3920140443024812,27,F,CDR-H1
30,G,-0.614026138323857,-0.3675072613884421,17,F,CDR-H1
30,H,-0.48477049715408177,-0.24426204279849403,38,F,CDR-H1
30,I,-0.7599480655400915,-0.5405412038167318,15,F,CDR-H1
30,K,-0.5169111835946619,-0.23642084002494812,32,F,CDR-H1
30,L,-0.4742696869520807,-0.42335716046785055,19,F,CDR-H1
30,M,-0.5372120358163438,-0.2630718600365423,31,F,CDR-H1
30,N,-0.5071638729188107,-0.3855254940870332,41,F,CDR-H1
30,P,-0.6600902995576625,-0.4348892635769314,9,F,CDR-H1
30,Q,-0.5543739970189475,-0.26813480257987976,32,F,CDR-H1
30,R,-0.3318570276674765,-0.09225673060263356,31,F,CDR-H1
30,S,-0.5173030248851088,-0.40332114696502686,24,F,CDR-H1
30,T,-0.646730796158772,-0.5748869722539728,22,F,CDR-H1
30,V,-0.6467309279232482,-0.5619118763850286,13,F,CDR-H1
30,W,-0.3839142204265934,-0.14829720948871813,19,F,CDR-H1
30,Y,-0.6159048066165957,-0.3056271292946555,22,F,CDR-H1
31,A,-0.6832673285570755,-0.5131743472555409,23,Y,CDR-H1
31,C,-0.8126536826860092,-0.72014848391215,12,Y,CDR-H1
31,D,-0.9555388358655081,-0.7543598810831705,6,Y,CDR-H1
31,E,-0.919908474503315,-0.6493093050443209,13,Y,CDR-H1
31,F,-0.6047465094279167,-0.46048185099726135,23,Y,CDR-H1
31,G,-0.8669435898650947,-0.6462178911481585,14,Y,CDR-H1
31,H,-0.6292271656543889,-0.46631369590759275,20,Y,CDR-H1
31,I,-0.8710884738888252,-0.5660044352213541,9,Y,CDR-H1
31,K,-0.9144330077790637,-0.7553926706314087,8,Y,CDR-H1
31,L,-0.8852869536689676,-0.6966829299926758,8,Y,CDR-H1
31,M,-0.7015769530104417,-0.5785159587860107,20,Y,CDR-H1
31,N,-0.7776585819571321,-0.6261348724365234,24,Y,CDR-H1
31,P,-0.8520336877791068,-0.6945568720499674,9,Y,CDR-H1
31,Q,-0.8111714933944796,-0.6052724664861505,11,Y,CDR-H1
31,R,-0.8803629241232556,-0.7658369541168213,12,Y,CDR-H1
31,S,-0.7095850416506118,-0.6271310329437256,20,Y,CDR-H1
31,T,-0.6471269524359156,-0.7019990086555481,32,Y,CDR-H1
31,V,-0.6015604411493046,-0.4565148720374474,26,Y,CDR-H1
31,W,-0.794853380802166,-0.6519770622253418,18,Y,CDR-H1
32,C,-0.9047328670741055,-0.7178041670057509,9,A,CDR-H1
32,D,-0.9419799803527402,-0.706764300664266,12,A,CDR-H1
32,E,-0.9584626430299409,-0.790351087396795,11,A,CDR-H1
32,F,-0.8736968584682631,-0.77297486199273,9,A,CDR-H1
32,G,-0.47040789862119126,-0.5004569646474477,37,A,CDR-H1
32,H,-0.9409933846263313,-0.7599695645845853,13,A,CDR-H1
32,I,-0.829087076971992,-0.6738617420196533,8,A,CDR-H1
32,K,-0.8362474738029977,-0.8162925243377686,8,A,CDR-H1
32,L,-0.7712986272493157,-0.747642993927002,12,A,CDR-H1
32,M,-0.7441552525673105,-0.7232885360717773,10,A,CDR-H1
32,N,-0.9642519142219148,-0.7227184772491455,8,A,CDR-H1
32,P,-0.7150044146742403,-0.7565351062350802,27,A,CDR-H1
32,Q,-0.9257415961619443,-0.6861280094493519,11,A,CDR-H1
32,R,-0.8765305304790331,-0.8104252815246582,12,A,CDR-H1
32,S,-0.5497458486456863,-0.5464840994940864,36,A,CDR-H1
32,T,-0.8393120441209921,-0.7021446228027344,7,A,CDR-H1
32,V,-0.8283773112281748,-0.6925304957798549,7,A,CDR-H1
32,W,-0.9700541172185991,-0.787861082288954,9,A,CDR-H1
32,Y,-0.9443310374286032,-0.6995656830923898,14,A,CDR-H1
33,A,-0.8312526259472731,-0.7244446754455567,10,M,CDR-H1
33,C,-0.880108590102115,-0.7837197780609131,12,M,CDR-H1
33,D,-0.9684561191868126,-0.7899070978164673,8,M,CDR-H1
33,E,-0.8775074422798975,-0.7991146246592203,12,M,CDR-H1
33,F,-0.6777579883393287,-0.6171052190992568,18,M,CDR-H1
33,G,-0.9046753109928967,-0.7396903567843967,9,M,CDR-H1
33,H,-0.7811496167183086,-0.799476696894719,13,M,CDR-H1
33,I,-0.7328540614874676,-0.5276524393182052,19,M,CDR-H1
33,K,-0.9622521273941183,-0.7800559997558594,8,M,CDR-H1
33,L,-0.8740921390132415,-0.5670525762769911,18,M,CDR-H1
33,N,-0.9781440213375003,-0.8034908294677734,5,M,CDR-H1
33,P,-0.8486168295205679,-0.7809919516245524,12,M,CDR-H1
33,Q,-0.888705317533145,-0.7681376139322916,12,M,CDR-H1
33,R,-0.7925404116129456,-0.6995576222737631,6,M,CDR-H1
33,S,-0.9346591281628402,-0.8143161137898763,3,M,CDR-H1
33,T,-0.9172626165381597,-0.6968083911471896,9,M,CDR-H1
33,V,-0.7804839281502731,-0.48740015029907224,10,M,CDR-H1
33,W,-0.638757870790672,-0.700729250907898,8,M,CDR-H1
33,Y,-0.8384848855973596,-0.8183563232421875,10,M,CDR-H1
34,A,-0.8994966177676793,-0.8151582479476929,8,H,CDR-H1
34,C,-0.7479526378045622,-0.8078906801011827,9,H,CDR-H1
34,D,-0.8481523119843436,-0.7764269113540649,16,H,CDR-H1
34,E,-0.8923085675564574,-0.8146480413583609,13,H,CDR-H1
34,F,-0.7789943910072505,-0.7392566204071045,4,H,CDR-H1
34,G,-0.9594319397993578,-0.7835166454315186,16,H,CDR-H1
34,I,-0.846945566821817,-0.8094269145618785,11,H,CDR-H1
34,K,-0.804198853725208,-0.8011487614024769,11,H,CDR-H1
34,L,-0.9010377689258785,-0.8002677917480469,5,H,CDR-H1
34,M,-0.9349349935808788,-0.8015276835514948,13,H,CDR-H1
34,N,-0.9397622898117868,-0.747864136329064,13,H,CDR-H1
34,P,-0.8738874250906857,-0.8076162338256836,5,H,CDR-H1
34,Q,-0.8639147120433907,-0.7496968905131022,12,H,CDR-H1
34,R,-0.9975739099179254,-0.7931763648986816,10,H,CDR-H1
34,S,-0.952625534288252,-0.7980232972365159,13,H,CDR-H1
34,T,-0.9732913243561997,-0.8125600814819336,7,H,CDR-H1
34,V,-0.891884162663487,-0.81777024269104,8,H,CDR-H1
34,W,-0.9049882339392542,-0.8041041981090199,11,H,CDR-H1
34,Y,-0.8273111777904723,-0.7185737821790907,9,H,CDR-H1
49,A,-0.9053015841063369,-0.5453262329101562,3,G,CDR-H2
49,C,-0.9950261042203733,-0.8160864512125651,3,G,CDR-H2
49,D,-0.9345664858553198,-0.780301570892334,6,G,CDR-H2
49,E,-0.9901300925270231,-0.8178877830505371,2,G,CDR-H2
49,F,-0.9806058405715697,-0.7983676592508951,6,G,CDR-H2
49,H,-0.9344475693508494,-0.7683984041213989,8,G,CDR-H2
49,I,-0.957637011606747,-0.775636100769043,5,G,CDR-H2
49,K,-0.9900951147495988,-0.8107015291849772,6,G,CDR-H2
49,L,-0.9838426911264133,-0.8189188003540039,5,G,CDR-H2
49,M,-0.9847937040754433,-0.8150676488876343,8,G,CDR-H2
49,N,-0.9738979665961105,-0.7967037200927735,10,G,CDR-H2
49,P,-0.980972040101256,-0.755185604095459,6,G,CDR-H2
49,Q,-0.9582097086874901,-0.8180944919586182,4,G,CDR-H2
49,R,-0.9710517395551314,-0.8096213340759277,6,G,CDR-H2
49,S,-0.9607653472969421,-0.6918126742045084,6,G,CDR-H2
49,T,-0.9467261589696592,-0.80430006980896,4,G,CDR-H2
49,V,-0.9790738445882949,-0.7342228889465332,2,G,CDR-H2
49,W,-0.9720447628177661,-0.8115188158475436,13,G,CDR-H2
49,Y,-0.965971058032095,-0.8121076583862304,5,G,CDR-H2
50,A,-0.9003921124455557,-0.7024026598249163,7,I,CDR-H2
50,C,-0.9156638791792705,-0.8002718289693197,12,I,CDR-H2
50,D,-0.9478855208612927,-0.8025003433227539,5,I,CDR-H2
50,E,-0.8859290085074489,-0.6754469871520996,4,I,CDR-H2
50,F,-0.9257299544492625,-0.6404118537902832,8,I,CDR-H2
50,G,-0.9584498911836606,-0.8141286032540458,7,I,CDR-H2
50,H,-0.9752700502720064,-0.6848821640014648,8,I,CDR-H2
50,K,-1.0103448454050263,-0.8171484470367432,4,I,CDR-H2
50,L,-0.8071655849145611,-0.5575881626295007,23,I,CDR-H2
50,M,-0.6892272186466324,-0.4949535369873047,15,I,CDR-H2
50,N,-0.9815026358058387,-0.7814982278006417,7,I,CDR-H2
50,P,-0.9639089708308752,-0.8155371348063151,3,I,CDR-H2
50,Q,-0.9658481044896534,-0.7273083686828613,10,I,CDR-H2
50,R,-0.777423430647822,-0.8165960311889648,3,I,CDR-H2
50,S,-0.9405744524894937,-0.7722612380981445,10,I,CDR-H2
50,T,-0.8965853437548594,-0.6916281756232766,17,I,CDR-H2
50,V,-0.7763335978183166,-0.572498639424642,21,I,CDR-H2
50,W,-0.9632927180611677,-0.8079460859298706,8,I,CDR-H2
50,Y,-0.9811594650755362,-0.6951053937276205,6,I,CDR-H2
51,A,-0.6248313927982535,-0.6374007393332088,34,S,CDR-H2
51,C,-0.951430173928982,-0.8164080619812012,10,S,CDR-H2
51,D,-0.8166227987332729,-0.6165195913875804,17,S,CDR-H2
51,E,-0.9168099059542376,-0.7650940418243408,8,S,CDR-H2
51,F,-0.9535364457700227,-0.8180408477783203,3,S,CDR-H2
51,G,-0.6024874438890223,-0.4105309380425347,18,S,CDR-H2
51,H,-0.9582789040818069,-0.8146164152357314,9,S,CDR-H2
51,I,-0.984826928741184,-0.7927165031433105,6,S,CDR-H2
51,K,-0.9764528995593721,-0.7837976728166852,7,S,CDR-H2
51,L,-0.9638128351609337,-0.8147131601969401,6,S,CDR-H2
51,M,-0.8724684066881737,-0.6942981311253139,14,S,CDR-H2
51,N,-0.670966778316006,-0.5357360158647809,14,S,CDR-H2
51,P,-0.9679842424513282,-0.7049706198952415,11,S,CDR-H2
51,Q,-0.9275016014014634,-0.7813119327320772,17,S,CDR-H2
51,R,-0.9657080607529247,-0.8179430961608887,8,S,CDR-H2
51,T,-0.9264124240920323,-0.6354581431338662,19,S,CDR-H2
51,V,-0.9708119182719384,-0.7964785893758138,9,S,CDR-H2
51,W,-0.9914533425899619,-0.8148724692208427,7,S,CDR-H2
51,Y,-0.9558358667619415,-0.7947399616241455,8,S,CDR-H2
52,A,-0.5349533162323269,-0.3105922698974609,35,W,CDR-H2
52,C,-0.8382672906875194,-0.7300806045532227,22,W,CDR-H2
52,D,-0.8782940781130205,-0.4758668379350142,11,W,CDR-H2
52,E,-0.9608213623632185,-0.6407455444335938,5,W,CDR-H2
52,F,-0.5642244381983927,-0.481431782245636,32,W,CDR-H2
52,G,-0.5329604061438166,-0.4020474398577655,27,W,CDR-H2
52,H,-0.6431993558638479,-0.46162018409142125,26,W,CDR-H2
52,I,-0.7445296884416158,-0.5185526334322416,13,W,CDR-H2
52,K,-0.9535129559691983,-0.7070010049002511,14,W,CDR-H2
52,L,-0.6918081952784917,-0.5284366989135743,25,W,CDR-H2
52,M,-0.46391197086622016,-0.44083064535389777,23,W,CDR-H2
52,N,-0.8320642918035296,-0.4103870391845703,11,W,CDR-H2
52,P,-0.3990852598172098,-0.46966810659928754,44,W,CDR-H2
52,Q,-0.7152201383205833,-0.41158949810525647,23,W,CDR-H2
52,R,-0.8005026634664977,-0.5845867214780865,33,W,CDR-H2
52,S,-0.6653139388558676,-0.3650387211849815,19,W,CDR-H2
52,T,-0.5731585346056378,-0.3732328781714806,26,W,CDR-H2
52,V,-0.6452435064203924,-0.42086291313171387,24,W,CDR-H2
52,Y,-0.5145971203766726,-0.4369605647193061,36,W,CDR-H2
53,A,-0.9008575217748486,-0.6156793594360351,15,N,CDR-H2
53,C,-0.8587210470826279,-0.7865782737731933,10,N,CDR-H2
53,D,-0.4607220465187828,-0.42640708287556967,30,N,CDR-H2
53,E,-0.6390072596851609,-0.5514822006225586,14,N,CDR-H2
53,F,-0.988454065174546,-0.78298265283758,11,N,CDR-H2
53,G,-0.7306209987054253,-0.4157744754444469,22,N,CDR-H2
53,H,-0.7914878595737832,-0.7028098901112875,24,N,CDR-H2
53,I,-0.9082946444708937,-0.7445675134658813,8,N,CDR-H2
53,K,-0.9079001902300515,-0.7673732757568359,10,N,CDR-H2
53,L,-0.9183266938978933,-0.7674903869628906,8,N,CDR-H2
53,M,-0.8338867315283963,-0.5895759582519531,20,N,CDR-H2
53,P,-0.9526747867203336,-0.7925191606794085,7,N,CDR-H2
53,Q,-0.770023182073209,-0.5778140567597889,21,N,CDR-H2
53,R,-0.8489661023204682,-0.7316892623901368,10,N,CDR-H2
53,S,-0.655213823860759,-0.43390454744037826,19,N,CDR-H2
53,T,-0.7992776796822774,-0.6580960750579834,8,N,CDR-H2
53,V,-0.8751398404596448,-0.7309620720999581,7,N,CDR-H2
53,W,-0.8935955946257896,-0.7864829301834106,8,N,CDR-H2
53,Y,-0.9040846204425934,-0.7511658668518066,4,N,CDR-H2
54,A,-0.6115138179233124,-0.5249513479379507,26,S,CDR-H2
54,C,-0.7456992495995514,-0.6454556970035329,17,S,CDR-H2
54,D,-0.9134239196998387,-0.7319302876790365,15,S,CDR-H2
54,E,-0.7854449463080176,-0.5362177349272228,21,S,CDR-H2
54,F,-0.9278549801966292,-0.7082653045654297,9,S,CDR-H2
54,G,-0.5315097277001476,-0.584376264501501,27,S,CDR-H2
54,H,-0.8470141047777644,-0.6680258433024089,15,S,CDR-H2
54,I,-0.9563955469408276,-0.7198284694126674,7,S,CDR-H2
54,K,-0.8058014943081983,-0.7270128885904948,15,S,CDR-H2
54,L,-0.7814717878435599,-0.593123027256557,7,S,CDR-H2
54,M,-0.7000021936882079,-0.5295236294086163,13,S,CDR-H2
54,N,-0.8475784060234781,-0.6347211837768555,10,S,CDR-H2
54,P,-0.8656445279156015,-0.6936262249946594,16,S,CDR-H2
54,Q,-0.7294293270604277,-0.6133562968327448,13,S,CDR-H2
54,R,-0.7491326964894334,-0.6618844985961914,10,S,CDR-H2
54,T,-0.6615869267404444,-0.5063932820370323,19,S,CDR-H2
54,V,-0.8418848340171377,-0.6366393349387429,22,S,CDR-H2
54,W,-0.9656071595303932,-0.7307305865817599,9,S,CDR-H2
54,Y,-0.9030355648261559,-0.716102409362793,5,S,CDR-H2
55,A,-0.4764098162282321,-0.3516154656043419,26,G,CDR-H2
55,C,-0.6539882508322222,-0.5363052960099846,29,G,CDR-H2
55,D,-0.6171401063237241,-0.5361183484395345,24,G,CDR-H2
55,E,-0.5562113160691144,-0.44086860788279564,29,G,CDR-H2
55,F,-0.764296845771993,-0.5510846546718052,28,G,CDR-H2
55,H,-0.6440954284807324,-0.40407805972629124,27,G,CDR-H2
55,I,-0.696329930838395,-0.46023189104520357,26,G,CDR-H2
55,K,-0.6017540507269631,-0.3754701614379883,20,G,CDR-H2
55,L,-0.7222025655017784,-0.6084974350467804,31,G,CDR-H2
55,M,-0.545784053272766,-0.3785345894949777,28,G,CDR-H2
55,N,-0.5991197701520592,-0.39686120640147815,22,G,CDR-H2
55,P,-0.9383270174555689,-0.597736086164202,7,G,CDR-H2
55,Q,-0.447446821147417,-0.3499490564519709,22,G,CDR-H2
55,R,-0.7492500340516057,-0.5632103190702551,17,G,CDR-H2
55,S,-0.8171779447659273,-0.5442552151887313,23,G,CDR-H2
55,T,-0.7943119978619912,-0.5394534587860107,20,G,CDR-H2
55,V,-0.5851255506308553,-0.4923408732694738,17,G,CDR-H2
55,W,-0.6199284496453836,-0.538630199432373,20,G,CDR-H2
55,Y,-0.6954865362884428,-0.5294195913499401,31,G,CDR-H2
56,A,-0.5226388339216544,-0.3923894119262695,25,S,CDR-H2
56,C,-0.8185224311844532,-0.6709045171737671,16,S,CDR-H2
56,D,-0.4403705075921107,-0.46998235157557894,28,S,CDR-H2
56,E,-0.4916093603874328,-0.4545447031656901,18,S,CDR-H2
56,F,-0.7621793761763744,-0.5903178320990669,18,S,CDR-H2
56,G,-0.8296474538984449,-0.5287506363608621,22,S,CDR-H2
56,H,-0.782709347978176,-0.6160291891831619,26,S,CDR-H2
56,I,-0.8012539850986277,-0.6670975318321815,13,S,CDR-H2
56,K,-0.9241947816410646,-0.5899652299426851,21,S,CDR-H2
56,L,-0.655656455212413,-0.6016818284988403,16,S,CDR-H2
56,M,-0.6786675475039755,-0.5319424438476562,25,S,CDR-H2
56,N,-0.6342670553250452,-0.3837208998830695,19,S,CDR-H2
56,P,-0.9059226163261933,-0.6389520168304443,8,S,CDR-H2
56,Q,-0.49309133733875615,-0.41005407680164685,22,S,CDR-H2
56,R,-0.9469967627599326,-0.7495803833007812,7,S,CDR-H2
56,T,-0.8812092222809882,-0.6850114076033883,23,S,CDR-H2
56,V,-0.8812900708046546,-0.6003040514494243,19,S,CDR-H2
56,W,-0.9747996669779353,-0.7531256145901151,9,S,CDR-H2
56,Y,-0.7248755914891563,-0.6095795101589627,18,S,CDR-H2
57,A,-0.5888174262029748,-0.34407962452281604,22,I,CDR-H2
57,C,-0.6848371397047273,-0.5829483462918189,31,I,CDR-H2
57,D,-0.5930173894987363,-0.48038196563720703,27,I,CDR-H2
57,E,-0.5653321693118576,-0.362044546339247,27,I,CDR-H2
57,F,-0.7222297376726344,-0.614984655380249,20,I,CDR-H2
57,G,-0.8815306477393755,-0.46976010004679364,12,I,CDR-H2
57,H,-0.6038361105085541,-0.41486868491539586,26,I,CDR-H2
57,K,-0.5098077987169748,-0.37695399693080356,35,I,CDR-H2
57,L,-0.6624607506518843,-0.62008928216022,23,I,CDR-H2
57,M,-0.5310796510212349,-0.3947727463462136,22,I,CDR-H2
57,N,-0.7169186676725999,-0.45412683486938477,14,I,CDR-H2
57,P,-0.955927273138539,-0.6883658681597028,14,I,CDR-H2
57,Q,-0.4830010481889172,-0.3694269089471726,21,I,CDR-H2
57,R,-0.5659559668958506,-0.4194275311061314,28,I,CDR-H2
57,S,-0.6224600502523548,-0.43161338567733765,32,I,CDR-H2
57,T,-0.5122711007490836,-0.5106930732727051,30,I,CDR-H2
57,V,-0.5527796590231073,-0.4998866981930203,36,I,CDR-H2
57,W,-0.7238279616191019,-0.5624087810516357,20,I,CDR-H2
57,Y,-0.7212922954165044,-0.5680591919842888,17,I,CDR-H2
58,A,-0.7932693358367195,-0.6116962432861328,14,G,CDR-H2
58,C,-0.9388219690513315,-0.8058674812316895,10,G,CDR-H2
58,D,-0.9559209325497804,-0.7591496706008911,8,G,CDR-H2
58,E,-0.8173826320863716,-0.7219425042470297,12,G,CDR-H2
58,F,-0.980484112236871,-0.7801378250122071,5,G,CDR-H2
58,H,-0.9229789626034048,-0.7738786177201704,11,G,CDR-H2
58,I,-0.8357462353500824,-0.7159874439239502,4,G,CDR-H2
58,K,-0.953237487365636,-0.769889311356978,11,G,CDR-H2
58,L,-0.9637287858651986,-0.8134359121322632,8,G,CDR-H2
58,M,-0.9754172122783842,-0.8018794059753418,10,G,CDR-H2
58,N,-0.8993648335000479,-0.740602069430881,9,G,CDR-H2
58,P,-0.9789366596757636,-0.780037522315979,8,G,CDR-H2
58,Q,-0.9322893692757792,-0.8080081939697266,4,G,CDR-H2
58,R,-0.9566531436482106,-0.8054922103881836,10,G,CDR-H2
58,S,-0.96936991659347,-0.6999786550348456,11,G,CDR-H2
58,T,-0.9708697088112658,-0.8111185073852539,10,G,CDR-H2
58,V,-0.9167864878378711,-0.8024572796291776,9,G,CDR-H2
58,W,-0.970354781425175,-0.7693510055541992,10,G,CDR-H2
58,Y,-0.9557249053414726,-0.8127705256144205,6,G,CDR-H2
59,A,-0.7630269366459473,-0.6181869506835938,15,Y,CDR-H2
59,C,-0.8902313048524262,-0.6588922739028931,8,Y,CDR-H2
59,D,-0.9557122511653752,-0.6651175816853842,6,Y,CDR-H2
59,E,-0.591864551088086,-0.6320199099454012,11,Y,CDR-H2
59,F,-0.7440565955005234,-0.4843591054280599,18,Y,CDR-H2
59,G,-0.9698975546067385,-0.7804374694824219,7,Y,CDR-H2
59,H,-0.8427332127593661,-0.7032428582509359,12,Y,CDR-H2
59,I,-0.7157033036312025,-0.649769436229359,22,Y,CDR-H2
59,K,-0.9564651319960349,-0.7083424159458706,7,Y,CDR-H2
59,L,-0.8042419279207246,-0.6906403993305407,19,Y,CDR-H2
59,M,-0.756458998486939,-0.5813135623931884,20,Y,CDR-H2
59,N,-0.9490191669027791,-0.7345485687255859,11,Y,CDR-H2
59,P,-0.9653339764957157,-0.7228006949791541,13,Y,CDR-H2
59,Q,-0.7316252163557637,-0.6714217662811279,8,Y,CDR-H2
59,R,-0.9594493598493609,-0.7960869471232096,3,Y,CDR-H2
59,S,-0.868556127062114,-0.7044317722320557,12,Y,CDR-H2
59,T,-0.7132615982811885,-0.6962722301483154,20,Y,CDR-H2
59,V,-0.675320575757421,-0.6116436767578125,25,Y,CDR-H2
59,W,-0.8853661915851623,-0.6258610486984253,8,Y,CDR-H2
60,C,-0.7122232435413998,-0.6573038101196289,15,A,CDR-H2
60,D,-0.677793049887021,-0.4817815003571687,27,A,CDR-H2
60,E,-0.7277638853008298,-0.5089794460095858,19,A,CDR-H2
60,F,-0.7081109457531838,-0.5249802271525065,9,A,CDR-H2
60,G,-0.6771958521371775,-0.5757413804531097,32,A,CDR-H2
60,H,-0.6484615217904233,-0.6070569356282552,21,A,CDR-H2
60,I,-0.7227368658518101,-0.6025248765945435,16,A,CDR-H2
60,K,-0.8494166819613854,-0.6567226052284241,16,A,CDR-H2
60,L,-0.7895258168107491,-0.6245004108973912,21,A,CDR-H2
60,M,-0.7290312064302507,-0.5219267969546111,23,A,CDR-H2
60,N,-0.7927600334953674,-0.6767659187316895,14,A,CDR-H2
60,P,-0.9610875362738818,-0.7810620528001052,13,A,CDR-H2
60,Q,-0.5593752227764955,-0.45076429276239305,21,A,CDR-H2
60,R,-0.730701250703596,-0.6382278962568804,22,A,CDR-H2
60,S,-0.5101306092063443,-0.5086313247680664,25,A,CDR-H2
60,T,-0.7009958213544227,-0.6319778760274252,18,A,CDR-H2
60,V,-0.768829517431719,-0.6113028526306152,26,A,CDR-H2
60,W,-0.9054671510841624,-0.6168122291564941,6,A,CDR-H2
60,Y,-0.8184811348947333,-0.6812154981825087,9,A,CDR-H2
61,A,-0.7763744713777371,-0.6157470703125,10,D,CDR-H2
61,C,-0.740820806918995,-0.7031030654907227,15,D,CDR-H2
61,E,-0.5422812619775784,-0.44849093206997576,29,D,CDR-H2
61,F,-0.8953696932280624,-0.7513407298496791,7,D,CDR-H2
61,G,-0.7796727307794395,-0.5727682749430338,15,D,CDR-H2
61,H,-0.776398037345621,-0.5594982419695173,14,D,CDR-H2
61,I,-0.7021978415148112,-0.6299110140119281,14,D,CDR-H2
61,K,-0.8594420678382965,-0.6903084346226284,14,D,CDR-H2
61,L,-0.76988549321272,-0.6494668551853725,14,D,CDR-H2
61,M,-0.7490203633343765,-0.4832048813501994,24,D,CDR-H2
61,N,-0.7555537381117634,-0.5834711074829102,25,D,CDR-H2
61,P,-0.799216142045581,-0.7469924579967152,33,D,CDR-H2
61,Q,-0.6663297027795888,-0.5687269342356714,29,D,CDR-H2
61,R,-0.7967932176145285,-0.7276722060309516,18,D,CDR-H2
61,S,-0.6340151455452825,-0.5217230987548828,25,D,CDR-H2
61,T,-0.6090837925209005,-0.5853457450866699,20,D,CDR-H2
61,V,-0.7989303234286842,-0.6456737518310547,12,D,CDR-H2
61,W,-0.6517420172532451,-0.5569527943929037,12,D,CDR-H2
61,Y,-0.725846319502618,-0.6790029207865397,12,D,CDR-H2
62,A,-0.5577141292046239,-0.46932950513116245,29,S,CDR-H2
62,C,-0.7077169762434262,-0.5320909240029075,22,S,CDR-H2
62,D,-0.6879286108630344,-0.5033448127008253,31,S,CDR-H2
62,E,-0.6142566400952771,-0.44434603055318195,24,S,CDR-H2
62,F,-0.6700530229049174,-0.5677423477172852,15,S,CDR-H2
62,G,-0.6537571748966363,-0.4052604675292969,25,S,CDR-H2
62,H,-0.6799326672396114,-0.5202336538405645,21,S,CDR-H2
62,I,-0.6389990990266262,-0.5666873831497995,19,S,CDR-H2
62,K,-0.6951216425722438,-0.5347246170043946,25,S,CDR-H2
62,L,-0.7885091426399766,-0.6768948050106273,17,S,CDR-H2
62,M,-0.661985223305867,-0.46422338485717773,20,S,CDR-H2
62,N,-0.4447207166178081,-0.4204140239291721,18,S,CDR-H2
62,P,-0.7786206596644394,-0.7150854110717774,20,S,CDR-H2
62,Q,-0.6328959769782764,-0.43943570210383487,26,S,CDR-H2
62,R,-0.6105045281487724,-0.4946352502574091,23,S,CDR-H2
62,T,-0.708724387021748,-0.5120127541678292,21,S,CDR-H2
62,V,-0.7782980297730933,-0.5852110904196034,23,S,CDR-H2
62,W,-0.5873557141576746,-0.49115764177762544,26,S,CDR-H2
62,Y,-0.6500876053207442,-0.533790111541748,24,S,CDR-H2
98,A,-0.6555373254764114,-0.5035963694254557,15,V,CDR-H3
98,C,-0.7924092753507114,-0.5914247376578194,14,V,CDR-H3
98,D,-0.7170372286182981,-0.5053953170776367,15,V,CDR-H3
98,E,-0.6127821863468749,-0.4482573554629371,21,V,CDR-H3
98,F,-0.5631934581985273,-0.5802465585561899,13,V,CDR-H3
98,G,-0.7208052837493217,-0.38286226987838745,16,V,CDR-H3
98,H,-0.8945505085343289,-0.5726410547892252,15,V,CDR-H3
98,I,-0.5828164662540385,-0.5990017950534821,32,V,CDR-H3
98,K,-0.6991966708452639,-0.6353909174601237,9,V,CDR-H3
98,L,-0.861081867771352,-0.5716189334267064,19,V,CDR-H3
98,M,-0.6376888383524633,-0.49648660024007163,15,V,CDR-H3
98,N,-0.7879057857804036,-0.5589441411635455,17,V,CDR-H3
98,P,-0.781337179742489,-0.6485199561485877,26,V,CDR-H3
98,Q,-0.6233841436761214,-0.4629054503007369,11,V,CDR-H3
98,R,-0.6554812688168331,-0.5578528011546415,17,V,CDR-H3
98,S,-0.8301766595683866,-0.4864479064941406,10,V,CDR-H3
98,T,-0.7596562601865102,-0.5765810012817383,17,V,CDR-H3
98,W,-0.729097441182983,-0.5887703895568848,18,V,CDR-H3
98,Y,-0.6188062928957831,-0.6432982853480748,14,V,CDR-H3
99,A,-0.7499137927978636,-0.5431747436523438,21,G,CDR-H3
99,C,-0.7840686179045171,-0.613580322265625,15,G,CDR-H3
99,D,-0.8176003283232305,-0.549678542397239,11,G,CDR-H3
99,E,-0.6312969720493318,-0.5020478367805481,16,G,CDR-H3
99,F,-0.6384342991020632,-0.6562913788689507,18,G,CDR-H3
99,H,-0.7156446034635829,-0.6658168680527631,17,G,CDR-H3
99,I,-0.631473206089319,-0.6562810310950646,13,G,CDR-H3
99,K,-0.6828148414518759,-0.7118253707885742,15,G,CDR-H3
99,L,-0.6641074830171237,-0.6914472579956055,7,G,CDR-H3
99,M,-0.7647778671569264,-0.5436956405639648,15,G,CDR-H3
99,N,-0.7570648191176339,-0.6692079135349819,14,G,CDR-H3
99,P,-0.8266177728850882,-0.6630791346232097,15,G,CDR-H3
99,Q,-0.7435073607398901,-0.6166173299153646,15,G,CDR-H3
99,R,-0.813875999389018,-0.7446022487822033,21,G,CDR-H3
99,S,-0.8212953047904922,-0.6749950408935547,20,G,CDR-H3
99,T,-0.8496846324409127,-0.6966851385016191,19,G,CDR-H3
99,V,-0.6776401783728317,-0.6529766994973888,23,G,CDR-H3
99,W,-0.6972575476109689,-0.6720239639282226,20,G,CDR-H3
99,Y,-0.7669568454944105,-0.7148999638027616,18,G,CDR-H3
100,A,-0.6534908141533718,-0.4904678084633567,22,R,CDR-H3
100,C,-0.6544650045992754,-0.537994081323797,22,R,CDR-H3
100,D,-0.7371346427529142,-0.5167018226955248,23,R,CDR-H3
100,E,-0.6190313875771529,-0.4615718126296997,8,R,CDR-H3
100,F,-0.7417664178285225,-0.4884898537083676,19,R,CDR-H3
100,G,-0.6601004899664982,-0.4606673067266291,22,R,CDR-H3
100,H,-0.6482106881253321,-0.47252541321974534,26,R,CDR-H3
100,I,-0.5408898359249749,-0.49304460224352387,19,R,CDR-H3
100,K,-0.6307437084745547,-0.5199066797892252,21,R,CDR-H3
100,L,-0.5963300226260856,-0.5919578552246094,20,R,CDR-H3
100,M,-0.7852698875281223,-0.6044384149404672,13,R,CDR-H3
100,N,-0.717543442729585,-0.5247276624043783,18,R,CDR-H3
100,P,-0.7110391430813742,-0.5776734974073328,23,R,CDR-H3
100,Q,-0.6815336313075585,-0.48932010786873953,28,R,CDR-H3
100,S,-0.5922506920950178,-0.39270521246868634,23,R,CDR-H3
100,T,-0.6831970443710405,-0.5664517084757487,21,R,CDR-H3
100,V,-0.7279988589130767,-0.567246851713761,23,R,CDR-H3
100,W,-0.7146579432704918,-0.5632365014817979,18,R,CDR-H3
100,Y,-0.7414267813725732,-0.504320502281189,16,R,CDR-H3
101,A,-0.6154466051131983,-0.5069597417658026,22,G,CDR-H3
101,C,-0.7316381196562083,-0.5476891199747721,21,G,CDR-H3
101,D,-0.7455416307910406,-0.6590277883741591,18,G,CDR-H3
101,E,-0.786487312947684,-0.6512350755579331,17,G,CDR-H3
101,F,-0.7093321079660674,-0.5425648896590524,23,G,CDR-H3
101,H,-0.7073828059696252,-0.5239259820235403,19,G,CDR-H3
101,I,-0.6321884494138986,-0.5399571932279147,13,G,CDR-H3
101,K,-0.7253900368007096,-0.5390946865081787,12,G,CDR-H3
101,L,-0.5925374290209268,-0.5599870681762695,9,G,CDR-H3
101,M,-0.6517466538207821,-0.49092208014594185,18,G,CDR-H3
101,N,-0.8640679252649581,-0.6652086482328528,17,G,CDR-H3
101,P,-0.6701616012256052,-0.7458925247192383,3,G,CDR-H3
101,Q,-0.80714825657782,-0.572563107808431,15,G,CDR-H3
101,R,-0.7755974612592892,-0.6037001013755798,16,G,CDR-H3
101,S,-0.763281174655938,-0.5754019281138545,23,G,CDR-H3
101,T,-0.8426494868866463,-0.5931726802479137,11,G,CDR-H3
101,V,-0.591812231534405,-0.5371135075887045,15,G,CDR-H3
101,W,-0.6270709869804277,-0.6073575861313764,17,G,CDR-H3
101,Y,-0.772056359143648,-0.6522142887115479,20,G,CDR-H3
102,A,-0.6909198418644548,-0.548468763178045,11,G,CDR-H3
102,C,-0.7083445128141718,-0.6331127548217773,25,G,CDR-H3
102,D,-0.6307411074014246,-0.651795900785006,13,G,CDR-H3
102,E,-0.7810518427538194,-0.6996649901072184,12,G,CDR-H3
102,F,-0.7053754465250688,-0.5171435096047141,11,G,CDR-H3
102,H,-0.6404926212314624,-0.4761347770690918,12,G,CDR-H3
102,I,-0.5755332501509169,-0.5379774570465088,12,G,CDR-H3
102,K,-0.7501955697800237,-0.642185884363511,17,G,CDR-H3
102,L,-0.7199646321244444,-0.5611127217610677,6,G,CDR-H3
102,M,-0.6715931294655958,-0.5387233325413295,14,G,CDR-H3
102,N,-0.8423578725685806,-0.6584961414337158,12,G,CDR-H3
102,P,-0.6976345114687541,-0.6931406824212325,19,G,CDR-H3
102,Q,-0.7829609892984043,-0.571559685927171,13,G,CDR-H3
102,R,-0.7788420165765031,-0.6443451591159987,23,G,CDR-H3
102,S,-0.8115128424401313,-0.6121719224112374,14,G,CDR-H3
102,T,-0.7547387526908933,-0.663374376296997,20,G,CDR-H3
102,V,-0.719699500399124,-0.5644885471888951,14,G,CDR-H3
102,W,-0.6657222753545807,-0.5733544031778971,15,G,CDR-H3
102,Y,-0.7145226405904144,-0.5800962448120117,11,G,CDR-H3
103,A,-0.698939842815943,-0.5518949145362491,21,G,CDR-H3
103,C,-0.6846296280770674,-0.6074262857437134,16,G,CDR-H3
103,D,-0.6693239017692328,-0.683366094316755,14,G,CDR-H3
103,E,-0.7461816917727451,-0.5190019046559053,17,G,CDR-H3
103,F,-0.6630555026430907,-0.5840693314870199,12,G,CDR-H3
103,H,-0.6507586435356332,-0.5530701364789691,14,G,CDR-H3
103,I,-0.7571236276502699,-0.6197364330291748,12,G,CDR-H3
103,K,-0.556803055012219,-0.5368991957770454,18,G,CDR-H3
103,L,-0.7457971280726011,-0.5812649045671735,14,G,CDR-H3
103,M,-0.8244580360479002,-0.53350888127866,23,G,CDR-H3
103,N,-0.6289728677519815,-0.5378691128322056,14,G,CDR-H3
103,P,-0.696010318564406,-0.6288134533426036,23,G,CDR-H3
103,Q,-0.5432584454705958,-0.4659278392791748,16,G,CDR-H3
103,R,-0.6873129964006011,-0.5450788140296936,16,G,CDR-H3
103,S,-0.7345652295075988,-0.5754607853136564,19,G,CDR-H3
103,T,-0.765009919882912,-0.6084311803181967,15,G,CDR-H3
103,V,-0.7426957838321863,-0.5755689409044054,18,G,CDR-H3
103,W,-0.7211692024218704,-0.5035801463656955,18,G,CDR-H3
103,Y,-0.6920961420165728,-0.5680171742158777,17,G,CDR-H3
104,A,-0.6943958214938435,-0.5570888519287109,28,Y,CDR-H3
104,C,-0.5445782113976843,-0.5225962763247283,23,Y,CDR-H3
104,D,-0.7144398656332799,-0.6296087673732212,28,Y,CDR-H3
104,E,-0.8071413499793049,-0.564000732020328,19,Y,CDR-H3
104,F,-0.603988596456773,-0.4245330637151545,33,Y,CDR-H3
104,G,-0.7286360100046597,-0.5194610754648844,24,Y,CDR-H3
104,H,-0.6599482519051529,-0.5140775044759115,18,Y,CDR-H3
104,I,-0.603753979572003,-0.490170955657959,20,Y,CDR-H3
104,K,-0.7387587372642161,-0.5467569102411685,23,Y,CDR-H3
104,L,-0.6472227796289007,-0.5156101120842828,18,Y,CDR-H3
104,M,-0.7332636112274595,-0.462511974832286,23,Y,CDR-H3
104,N,-0.6712769179992163,-0.4954732894897461,20,Y,CDR-H3
104,P,-0.7184432188182139,-0.6312477323744032,18,Y,CDR-H3
104,Q,-0.578756369475683,-0.5002910614013671,20,Y,CDR-H3
104,R,-0.6560776609426514,-0.582297838651217,13,Y,CDR-H3
104,S,-0.6349790213005553,-0.5294275990238896,27,Y,CDR-H3
104,T,-0.7884103359616359,-0.5648681640625,20,Y,CDR-H3
104,V,-0.7062511610043127,-0.4838768531536234,29,Y,CDR-H3
104,W,-0.6377907900853333,-0.5081067721048991,30,Y,CDR-H3
105,A,-0.6511675209105825,-0.45108875861534703,13,F,CDR-H3
105,C,-0.6909823485977798,-0.590595006942749,20,F,CDR-H3
105,D,-0.7617913702780356,-0.6033445855845576,23,F,CDR-H3
105,E,-0.7240680242608147,-0.5452740613152,17,F,CDR-H3
105,G,-0.7551987221681971,-0.4914791742960612,15,F,CDR-H3
105,H,-0.6828135714059088,-0.569333553314209,14,F,CDR-H3
105,I,-0.6440368696535184,-0.4719804525375366,16,F,CDR-H3
105,K,-0.6536217880320093,-0.5657415919833713,18,F,CDR-H3
105,L,-0.5958841125135043,-0.5110825758713943,26,F,CDR-H3
105,M,-0.5843809553873007,-0.4003750483194987,18,F,CDR-H3
105,N,-0.7327782502592768,-0.6025720943104137,22,F,CDR-H3
105,P,-0.6382417120412038,-0.5645381609598795,18,F,CDR-H3
105,Q,-0.5817606660212026,-0.45822484152657644,14,F,CDR-H3
105,R,-0.7691131403577071,-0.545311450958252,14,F,CDR-H3
105,S,-0.6726445041955597,-0.534541024102105,18,F,CDR-H3
105,T,-0.7121120312274193,-0.5508498509724935,15,F,CDR-H3
105,V,-0.6285500040389398,-0.5443609677828275,13,F,CDR-H3
105,W,-0.7076096665958408,-0.5972564870660956,22,F,CDR-H3
105,Y,-0.7272729133707742,-0.5728498258088764,19,F,CDR-H3
106,A,-0.6720309938750232,-0.5047161762530987,26,D,CDR-H3
106,C,-0.6096278956448421,-0.5150879346407377,13,D,CDR-H3
106,E,-0.6993510605240087,-0.49404215812683105,20,D,CDR-H3
106,F,-0.6628947128536362,-0.5558671421474881,18,D,CDR-H3
106,G,-0.7179031149310475,-0.46851292523470794,22,D,CDR-H3
106,H,-0.5501528043396339,-0.5866372320387099,18,D,CDR-H3
106,I,-0.7315347091827332,-0.5073669140155499,26,D,CDR-H3
106,K,-0.7507620606201085,-0.6062895655632019,16,D,CDR-H3
106,L,-0.6771237109077783,-0.5364503860473633,19,D,CDR-H3
106,M,-0.6384470500348847,-0.5123277077308068,13,D,CDR-H3
106,N,-0.7181489923714387,-0.5990682015052209,13,D,CDR-H3
106,P,-0.6419838798676947,-0.5410646862453885,18,D,CDR-H3
106,Q,-0.7247547924096687,-0.47783896502326517,17,D,CDR-H3
106,R,-0.6993742979634341,-0.5729738382192758,13,D,CDR-H3
106,S,-0.6385729284197206,-0.5140944531089381,19,D,CDR-H3
106,T,-0.7391559268453797,-0.5174901268698953,11,D,CDR-H3
106,V,-0.725211462999981,-0.6001701354980469,20,D,CDR-H3
106,W,-0.7754554221221641,-0.699222115909352,17,D,CDR-H3
106,Y,-0.5097138190921342,-0.5496187943678635,13,D,CDR-H3
107,A,-0.5804396988928697,-0.35179324266387196,41,Y,CDR-H3
107,C,-0.6274106235221992,-0.4723461423601423,35,Y,CDR-H3
107,D,-0.6886406241208114,-0.4469058116277059,24,Y,CDR-H3
107,E,-0.6249024077337568,-0.33023635546366376,24,Y,CDR-H3
107,F,-0.6706533489790063,-0.3979737670333297,27,Y,CDR-H3
107,G,-0.6491119522477599,-0.35809009305892453,31,Y,CDR-H3
107,H,-0.6823009960337644,-0.48914704499421297,27,Y,CDR-H3
107,I,-0.6203542152119107,-0.41920578002929687,25,Y,CDR-H3
107,K,-0.6454997969324685,-0.46561288833618164,28,Y,CDR-H3
107,L,-0.630954940312234,-0.5314538709578975,31,Y,CDR-H3
107,M,-0.6063469255540651,-0.3856659730275472,24,Y,CDR-H3
107,N,-0.6514033520640824,-0.42798524744370403,34,Y,CDR-H3
107,P,-0.6799945256557368,-0.44687747955322266,20,Y,CDR-H3
107,Q,-0.5701877594224597,-0.36538619086855934,21,Y,CDR-H3
107,R,-0.5526914880408941,-0.41128601346697125,28,Y,CDR-H3
107,S,-0.5547647311171038,-0.39120960235595703,31,Y,CDR-H3
107,T,-0.6388096159327357,-0.5169833224752675,23,Y,CDR-H3
107,V,-0.6036347066238626,-0.44532004269686615,33,Y,CDR-H3
107,W,-0.6532308362556092,-0.5427851512514311,29,Y,CDR-H3
